{"r2": 0.5340342040659455, "mae": 33.54348026315789, "feature_importance": {"_type": "image-file", "sha256": "45988283227971d360bb59cca14b06dfcf08ef3ea8f1ad43d036a36376432630", "size": 33454, "path": "media/images/feature_importance_0_45988283227971d360bb.png", "format": "png", "width": 1000, "height": 1000}, "_timestamp": 1717463534.678505, "_runtime": 60.36738085746765, "_step": 0, "_wandb": {"runtime": 59}}